name,value
f1,0.9371257485029941
recall,0.9152046783625731
precision,0.9601226993865031
accuracy,0.97