name,value
f1_score,0.9371257485029941
recall_score,0.9152046783625731
precision_score,0.9601226993865031
accuracy_score,0.9528619528619529
f1,0.9371257485029941
recall,0.9152046783625731
precision,0.9601226993865031
accuracy,0.97